ANSHUL,19:19:50,,,no of students
ANSHUL,19:21:07,,,
ANSHUL,19:21:07,,,
ANSHUL,19:21:08,,,43
ANSHUL,19:21:08,,,234
ANSHUL,19:21:09,,,
ANSHUL,19:21:09,,,
ANSHUL,19:21:10,,,
ANSHUL,19:21:10,,,
ANSHUL,19:21:10,,,
ANSHUL,19:21:10,,,
AAPIYU,19:21:12,,,
AAPIYU,19:21:12,,,
AAPIYU,19:21:12,,,
AAPIYU,19:21:12,,,
AAPIYU,19:21:12,,,
AAPIYU,19:21:12,,,
AAPIYU,19:21:12,,,
AAPIYU,19:21:12,,,
AAPIYU,19:21:12,,,
AAPIYU,19:21:12,,,
AAPIYU,19:21:12,,,
AAPIYU,19:21:12,,,
AAPIYU,19:21:12,,,
AAPIYU,19:21:13,,,
AAPIYU,19:21:13,,,
AAPIYU,19:21:13,,,
AAPIYU,19:21:13,,,
AAPIYU,19:21:13,,,
AAPIYU,19:21:13,,,
AAPIYU,19:21:13,,,
AAPIYU,19:21:13,,,
AAPIYU,19:21:13,,,
AAPIYU,19:21:13,,,
AAPIYU,19:21:13,,,
AAPIYU,19:21:13,,,
AAPIYU,19:21:13,,,
AAPIYU,19:21:13,,,
AAPIYU,19:21:13,,,
AAPIYU,19:21:13,,,
AAPIYU,19:21:13,,,
AAPIYU,19:21:13,,,
AAPIYU,19:21:13,,,
AAPIYU,19:21:13,,,
AAPIYU,19:21:13,,,
AAPIYU,19:21:13,,,
AAPIYU,19:21:13,,,
AAPIYU,19:21:13,,,
AAPIYU,19:21:13,,,
AAPIYU,19:21:13,,,
AAPIYU,19:21:14,,,
AAPIYU,19:21:14,,,
AAPIYU,19:21:14,,,
AAPIYU,19:21:14,,,
AAPIYU,19:21:14,,,
AAPIYU,19:21:14,,,
AAPIYU,19:21:14,,,
AAPIYU,19:21:14,,,
AAPIYU,19:21:14,,,
AAPIYU,19:21:14,,,
AAPIYU,19:21:14,,,
AAPIYU,19:21:14,,,
AAPIYU,19:21:14,,,
AAPIYU,19:21:14,,,
AAPIYU,19:21:14,,,
AAPIYU,19:21:14,,,
AAPIYU,19:21:14,,,
AAPIYU,19:21:14,,,
AAPIYU,19:21:14,,,
AAPIYU,19:21:14,,,
AAPIYU,19:21:14,,,
AAPIYU,19:21:14,,,
AAPIYU,19:21:14,,,
AAPIYU,19:21:14,,,
AAPIYU,19:21:14,,,
AAPIYU,19:21:14,,,
AAPIYU,19:21:15,,,
AAPIYU,19:21:15,,,
AAPIYU,19:21:15,,,
AAPIYU,19:21:15,,,
AAPIYU,19:21:15,,,
AAPIYU,19:21:15,,,
AAPIYU,19:21:15,,,
AAPIYU,19:21:15,,,
AAPIYU,19:21:15,,,
AAPIYU,19:21:15,,,
AAPIYU,19:21:15,,,
AAPIYU,19:21:15,,,
AAPIYU,19:21:15,,,
AAPIYU,19:21:16,,,
AAPIYU,19:21:16,,,
AAPIYU,19:21:16,,,
AAPIYU,19:21:16,,,
AAPIYU,19:21:16,,,
AAPIYU,19:21:16,,,
AAPIYU,19:21:16,,,
AAPIYU,19:21:16,,,
AAPIYU,19:21:16,,,
AAPIYU,19:21:16,,,
AAPIYU,19:21:16,,,
AAPIYU,19:21:16,,,
AAPIYU,19:21:16,,,
AAPIYU,19:21:16,,,
AAPIYU,19:21:16,,,
AAPIYU,19:21:16,,,
AAPIYU,19:21:16,,,
AAPIYU,19:21:16,,,
AAPIYU,19:21:16,,,
AAPIYU,19:21:16,,,
AAPIYU,19:21:16,,,
AAPIYU,19:21:16,,,
AAPIYU,19:21:16,,,
AAPIYU,19:21:16,,,
AAPIYU,19:21:16,,,
AAPIYU,19:21:16,,,
AAPIYU,19:21:17,,,
AAPIYU,19:21:17,,,
AAPIYU,19:21:17,,,
AAPIYU,19:21:17,,,
AAPIYU,19:21:17,,,
AAPIYU,19:21:17,,,
AAPIYU,19:21:17,,,
AAPIYU,19:21:17,,,
AAPIYU,19:21:17,,,
AAPIYU,19:21:17,,,
AAPIYU,19:21:17,,,
AAPIYU,19:21:17,,,
AAPIYU,19:21:17,,,
AAPIYU,19:21:18,,,
AAPIYU,19:21:18,,,
AAPIYU,19:21:18,,,
AAPIYU,19:21:18,,,
AAPIYU,19:21:18,,,
AAPIYU,19:21:18,,,
AAPIYU,19:21:18,,,
AAPIYU,19:21:18,,,
AAPIYU,19:21:18,,,
AAPIYU,19:21:18,,,
AAPIYU,19:21:18,,,
AAPIYU,19:21:18,,,
AAPIYU,19:21:18,,,
ANSHUL,19:21:19,,,
ANSHUL,19:21:19,,,
ANSHUL,19:21:20,,,
ANSHUL,19:21:20,,,
ANSHUL,19:21:21,,,
ANSHUL,19:21:21,,,
ANSHUL,19:21:21,,,
ANSHUL,19:21:21,,,
ANSHUL,19:21:22,,,
ANSHUL,19:21:22,,,
ANSHUL,19:21:23,,,
ANSHUL,19:21:23,,,
ANSHUL,19:21:24,,,
ANSHUL,19:21:24,,,
AAPIYU,19:21:25,,,
AAPIYU,19:21:25,,,
AAPIYU,19:21:25,,,
AAPIYU,19:21:25,,,
AAPIYU,19:21:25,,,
AAPIYU,19:21:25,,,
AAPIYU,19:21:25,,,
AAPIYU,19:21:25,,,
AAPIYU,19:21:25,,,
AAPIYU,19:21:25,,,
AAPIYU,19:21:25,,,
AAPIYU,19:21:25,,,
AAPIYU,19:21:25,,,
AAPIYU,19:21:25,,,
AAPIYU,19:21:25,,,
AAPIYU,19:21:25,,,
AAPIYU,19:21:25,,,
AAPIYU,19:21:25,,,
AAPIYU,19:21:25,,,
AAPIYU,19:21:25,,,
AAPIYU,19:21:25,,,
AAPIYU,19:21:25,,,
AAPIYU,19:21:25,,,
AAPIYU,19:21:25,,,
AAPIYU,19:21:25,,,
AAPIYU,19:21:25,,,
AAPIYU,19:21:26,,,
AAPIYU,19:21:26,,,
AAPIYU,19:21:26,,,
AAPIYU,19:21:26,,,
AAPIYU,19:21:26,,,
AAPIYU,19:21:26,,,
AAPIYU,19:21:26,,,
AAPIYU,19:21:26,,,
AAPIYU,19:21:26,,,
AAPIYU,19:21:26,,,
AAPIYU,19:21:26,,,
AAPIYU,19:21:26,,,
AAPIYU,19:21:26,,,
AAPIYU,19:21:27,,,
AAPIYU,19:21:27,,,
AAPIYU,19:21:27,,,
AAPIYU,19:21:27,,,
AAPIYU,19:21:27,,,
AAPIYU,19:21:27,,,
AAPIYU,19:21:27,,,
AAPIYU,19:21:27,,,
AAPIYU,19:21:27,,,
AAPIYU,19:21:27,,,
AAPIYU,19:21:27,,,
AAPIYU,19:21:27,,,
AAPIYU,19:21:27,,,
AAPIYU,19:21:30,,,
AAPIYU,19:21:30,,,
AAPIYU,19:21:30,,,
AAPIYU,19:21:30,,,
AAPIYU,19:21:30,,,
AAPIYU,19:21:30,,,
AAPIYU,19:21:30,,,
AAPIYU,19:21:30,,,
AAPIYU,19:21:30,,,
AAPIYU,19:21:30,,,
AAPIYU,19:21:30,,,
AAPIYU,19:21:30,,,
AAPIYU,19:21:30,,,
AAPIYU,19:21:30,,,
AAPIYU,19:21:30,,,
AAPIYU,19:21:30,,,
AAPIYU,19:21:30,,,
AAPIYU,19:21:30,,,
AAPIYU,19:21:30,,,
AAPIYU,19:21:30,,,
AAPIYU,19:21:30,,,
AAPIYU,19:21:30,,,
AAPIYU,19:21:30,,,
AAPIYU,19:21:30,,,
AAPIYU,19:21:30,,,
AAPIYU,19:21:30,,,
AAPIYU,19:21:31,,,
AAPIYU,19:21:31,,,
AAPIYU,19:21:31,,,
AAPIYU,19:21:31,,,
AAPIYU,19:21:31,,,
AAPIYU,19:21:31,,,
AAPIYU,19:21:31,,,
AAPIYU,19:21:31,,,
AAPIYU,19:21:31,,,
AAPIYU,19:21:31,,,
AAPIYU,19:21:31,,,
AAPIYU,19:21:31,,,
AAPIYU,19:21:31,,,
AAPIYU,19:21:32,,,
AAPIYU,19:21:32,,,
AAPIYU,19:21:32,,,
AAPIYU,19:21:32,,,
AAPIYU,19:21:32,,,
AAPIYU,19:21:32,,,
AAPIYU,19:21:32,,,
AAPIYU,19:21:32,,,
AAPIYU,19:21:32,,,
AAPIYU,19:21:32,,,
AAPIYU,19:21:32,,,
AAPIYU,19:21:32,,,
AAPIYU,19:21:32,,,
ANSHUL,19:21:33,,,
ANSHUL,19:21:33,,,
ANSHUL,19:21:34,,,
ANSHUL,19:21:34,,,
ANSHUL,19:21:35,,,
ANSHUL,19:21:35,,,
ANSHUL,19:21:36,,,
ANSHUL,19:21:36,,,
ANSHUL,19:21:36,,,
ANSHUL,19:21:36,,,
ANSHUL,19:21:37,,,
ANSHUL,19:21:37,,,
ANSHUL,19:21:38,,,
ANSHUL,19:21:38,,,
ANSHUL,19:21:39,,,
ANSHUL,19:21:39,,,
ANSHUL,19:21:40,,,
ANSHUL,19:21:40,,,
